metabolite	log2FC	stat	pvalue	padj	distance/span	distance	span_allsamples	count_nan_samples	compartment	input_a_1	input_a_8	input_a_7	input_a_6	input_a_5	input_a_9	input_a_3	input_a_2	input_a_10	input_a_4	input_b_8	input_b_1	input_b_10	input_b_2	input_b_3	input_b_4	input_b_5	input_b_6	input_b_7	input_b_9	a_1	a_8	a_7	a_6	a_5	a_9	a_3	a_2	a_10	a_4	b_8	b_1	b_10	b_2	b_3	b_4	b_5	b_6	b_7	b_9	geommean_b	geommean_a	geommean_ratio
var_50	3.3462888926781873	17.1945701357466	3.3739935350524285e-05	0.0004038487308790773	0.9999999999999998	1.9999999999999996	2.0	('0/10', '0/10')	in	0.0856234479579369	0.0856234479579369	0.0856234479579369	0.085623447957937	0.0856234479579369	0.0856234479579369	0.0856234479579369	0.085623447957937	0.085623447957937	0.0856234479579369	0.870815284692631	0.870815284692631	0.870815284692631	0.870815284692631	0.870815284692631	0.870815284692631	0.870815284692631	0.870815284692631	0.870815284692631	0.870815284692631	0.21809561422342683	0.21809561422342683	0.21809561422342683	0.21809561422342708	0.21809561422342683	0.21809561422342683	0.21809561422342683	0.21809561422342708	0.21809561422342708	0.21809561422342683	2.2180956142234267	2.2180956142234267	2.2180956142234267	2.2180956142234267	2.2180956142234267	2.2180956142234267	2.2180956142234267	2.2180956142234267	2.2180956142234267	2.2180956142234267	2.2180956142234267	0.21809561422342688	10.170289861726015
var_49	2.481687307773157	14.285714285714278	0.0001570522842307523	0.0004038487308790773	0.8571428571428568	1.8642013812574243	2.174901611466996	('0/10', '0/10')	in	0.132698335920149	0.128558810946498	0.119290512597427	0.122607415157195	0.16993834656919	0.0978088216971553	0.153239121961684	0.175405723974801	0.178533431414115	0.165281668754676	0.802148455363476	0.790370344188533	0.803477393125727	0.793026307294313	0.79431977472138	0.786864282084798	0.795786189031399	0.786230870868592	0.785547851975365	0.783392206924319	0.40898211471634704	0.3962239164623487	0.3676586128182544	0.3778814525682441	0.5237574674115684	0.30145109551100824	0.472289721815943	0.5406081653332417	0.5502478973907291	0.5094053813290522	2.4722568622745795	2.435956204980798	2.476352706978004	2.4441420002289322	2.4481285237973736	2.4251503671866055	2.4526480772748394	2.4231981659258084	2.421093071619944	2.4144492786481533	2.4412534092511877	0.43706954237055323	5.585503386967791
var_48	3.8764454526015135	14.285714285714278	0.0001570522842307523	0.0004038487308790773	0.7142857142857143	1.6793858736029408	2.351140223044117	('0/10', '0/10')	in	0.0632858218992905	0.0520303775411752	0.0955331647815924	0.0185803876445518	0.0766002520952562	0.0154795901522314	0.0773653147711906	0.0978176959178381	0.122974724896324	0.0988274471983638	0.913397694360117	0.940589893717001	0.979598773825701	0.919370218888521	0.850000441540023	0.868099571692722	0.91055272501241	0.863572613133458	0.816831392074534	0.811631284663088	0.15433137721510373	0.12688339318291125	0.23297105809770474	0.04531088841569308	0.1868004877885225	0.03774915763472154	0.18866620072215123	0.23854220856974334	0.29989116181662423	0.24100462907865663	2.2274487378867023	2.2937607403275306	2.3888893806788385	2.242013578924659	2.072845620699582	2.1169828950373715	2.2205108800160236	2.1059432699194627	1.9919582286851285	1.979277035419565	2.1603100226120486	0.14709222680788814	14.68677216664584
var_47	1.0623298339910427	14.285714285714278	0.0001570522842307523	0.0004038487308790773	0.5714285714285703	1.4129091434126053	2.472591000972064	('0/10', '0/10')	in	0.343408572752307	0.404226588824644	0.392245877681402	0.309237425531838	0.492357235850828	0.295551468681812	0.376088884104553	0.378061679389531	0.493309980359483	0.438667979663809	0.82215579897576	0.810021138606873	0.822292693171608	0.805619472665883	0.811905655423268	0.802152592055859	0.817977602210522	0.796946033390221	0.799306445858785	0.794304965782223	1.612003973044763	1.897491556408096	1.8412525586218127	1.4516002165473254	2.311188139503254	1.3873565762667615	1.7654095543846262	1.7746701089826105	2.315660444667156	2.059163871181573	3.8593049782907993	3.8023433230548256	3.8599475772388256	3.7816813374555043	3.8111894871763297	3.765407354332021	3.8396919857212035	3.7409670988438366	3.75204717831551	3.728569588079761	3.7938399829710354	1.8167110756661657	2.08830123501057
var_46	2.9432955242928482	14.285714285714278	0.0001570522842307523	0.0004038487308790773	0.4285714285714281	1.1321512578098194	2.641686268222915	('0/10', '0/10')	in	0.189299246731364	0.046214590062789	0.118913120017489	0.0652841054826162	0.0724839050758994	0.04412508023529	0.257339499136506	0.209272406147249	0.266004461726488	0.0497962238545021	0.729702942256396	0.899057335972752	0.968482631255698	0.672307685046233	0.839144150904278	0.836677381196362	0.855334127568806	0.811725953949598	0.814523821347951	0.662157697878091	0.5409911133664177	0.13207491822363604	0.33983728040623606	0.18657296064305742	0.20714899390912117	0.1261033876048538	0.7354407614129629	0.5980716455735979	0.7602040282498617	0.1423107331363037	2.08539026950408	2.569381746449171	2.7677896558277686	1.9213625481252314	2.398158134864922	2.3911084475906885	2.4444268530577036	2.319800713199839	2.3277966319635017	1.892355286059681	2.2965774214077865	0.2985800949895264	7.6916628400441285
var_45	1.1063585857871274	14.285714285714278	0.0001570522842307523	0.0004038487308790773	0.2857142857142856	0.7911165678412737	2.768907987444459	('0/10', '0/10')	in	0.556747384946265	0.428006097108478	0.593843028513308	0.28242306433576	0.603213954997891	0.245484574757016	0.427485652905028	0.312195250729313	0.647996708375997	0.264554362175178	0.868039780909707	0.906045237176376	0.931272329859057	0.874735490086045	0.870079680740645	0.855997538830759	0.900059375793346	0.920029005507789	0.869011635742886	0.84393606697658	2.2478999802747284	1.728099535376301	2.397675800866472	1.1402995647851264	2.4355114621186273	0.9911582625705664	1.7259982116048704	1.260506500670892	2.6163244361122246	1.0681536395048776	3.504761152264664	3.6582103945999873	3.7600662500150253	3.531795467884966	3.512997366594023	3.4561398987776024	3.634042130772149	3.714670673366063	3.508685072734526	3.4074410039534984	3.5671964694991187	1.6568374757366193	2.153015320898126
var_44	1.891954291195235	14.285714285714278	0.0001570522842307523	0.0004038487308790773	0.14285714285714282	0.4053241990459011	2.8372693933213085	('0/10', '0/10')	in	0.0852676535530792	0.0754142349758493	0.134965838803582	0.122183133567423	0.109311674841262	0.069321265458937	0.168175955960594	0.165576785738118	0.234879022595335	0.174741601360932	0.430417789777687	0.599915392900186	0.615943306275264	0.356032356577081	0.399503106071244	0.348270120376596	0.599293630943082	0.569070490312924	0.541511019072237	0.312967885569096	0.4425860752068863	0.39144140693297763	0.7005470233316338	0.634197744264439	0.5673877857113658	0.3598155400013078	0.8729258187740706	0.8594346940670424	1.2191514651471826	0.9070051338232039	2.2341053416973016	3.11389123701648	3.1970849333226163	1.8480039824951715	2.0736411098607874	1.8077137022816683	3.110663950081273	2.9537892076140064	2.8107403760474168	1.6244756641930838	2.404636275573738	0.647909581338222	3.711376316749465
var_43	0.45460938537914797	14.011963882618515	0.00018165114609146465	0.0004087150787057955	0.0	0.0	2.9271443412782676	('0/10', '0/10')	in	0.424726296324687	0.571621995484649	0.458327950408144	0.556456604076808	0.310819629783985	0.271589546762691	0.288249263579974	0.405004373335513	0.574902173905816	0.49834987772445	0.578997635213019	0.575181727307015	0.57964179166065	0.575228898522209	0.575528160300445	0.577436992208798	0.577200875854132	0.576804207243765	0.578244172851698	0.574902173905816	4.035793263868928	5.431611413795504	4.3550796616699285	5.287508293698338	2.9534403191308334	2.5806720065295248	2.7389743614601363	3.8483935086877605	5.4627800089378065	4.735372160787345	5.5016955065160635	5.465436354314143	5.507816347807792	5.465884580087249	5.468728196503725	5.486866115027376	5.484622512966717	5.480853326741234	5.4945360291097645	5.4627800089378065	5.481900720499838	4.000185255399729	1.370411711082627
var_41	1.3485738654463912	11.57142857142857	0.0006697294490218304	0.0013394588980436609	-0.12195121951219441	-0.4161383441360009	3.4123344219152276	('0/10', '0/10')	in	0.136423083965076	0.0363282223450204	0.042508554043767	0.119839282780714	0.123517660951804	0.033431450177371	0.0757084348955253	0.113281641450287	0.155672773379424	0.111514322162038	0.204915580881581	0.188280293675575	0.3216028787488	0.173625478129203	0.239819084893634	0.299891028760087	0.135133210168284	0.23554555966506	0.299542509025053	0.120529916236567	1.615431438382419	0.43017465058711085	0.5033580286167596	1.4190570930556405	1.4626140012205342	0.39587300094363864	0.8964889396010807	1.3414058652801448	1.8433734593016624	1.3204784455435556	2.426474039065438	2.229490030508775	3.808207422858866	2.055957450323407	2.8397781225973096	3.5511101337652633	1.6001576106523783	2.789173878753019	3.5469831948300996	1.4272351151656615	2.5029705839486556	0.9828665631574018	2.546602639434602
var_42	0.7385455334325158	11.06285714285714	0.0008807431907417276	0.001441216130304645	-0.09999999999999963	-0.4342923388444784	4.3429233884448	('0/10', '0/10')	in	0.412026481469965	0.348269214554999	0.455164270296588	0.223612150800487	0.387466272974284	0.159031520798254	0.428642318650448	0.326109935812866	0.516287425106762	0.366591334226049	0.509509046535953	0.658410879315843	0.884580908553356	0.566928023756435	0.449949719711894	0.801802224044418	0.521553204317769	0.509953743356499	0.555777609863639	0.443732486331252	2.4662682833639344	2.0846361982965775	2.724478289715933	1.3384759963158712	2.3192581615154455	0.9519155040729014	2.5657257553535144	1.9519973296758792	3.0903433611784927	2.1943069710767564	3.0497699979757718	3.9410521947162565	5.294838892517701	3.3934629612941842	2.6932655369017304	4.799350244762265	3.121862753351955	3.0524318212166293	3.3267198916932363	2.6560510223340144	3.444410610317901	2.0643843576533687	1.668492883870346
var_33	0.3344171679275844	11.06285714285714	0.0008807431907417276	0.001441216130304645	-0.297560975609759	-0.9927847902478533	3.3364079016525885	('0/10', '0/10')	in	0.490344132874776	0.536360420415531	0.575749992348752	0.601540734575298	0.576485525078464	0.489519696066794	0.638289211538839	0.536992706823671	0.715640783251235	0.568816152869287	0.751684600545834	0.631645481892562	0.817452757291284	0.730130682433396	0.773030831959505	0.657377162390929	0.778494681754297	0.688784375043977	0.763150760844688	0.618060701618581	4.988786532665143	5.456958618707399	5.857710157908709	6.120106501335722	5.865193505888848	4.9803986700010565	6.493987403910909	5.463391533279503	7.280966289488463	5.787164916932713	7.647677948198284	6.426393755361066	8.316806571653645	7.428387272127407	7.864855609069514	6.688189201715227	7.92044509907311	7.007727805335248	7.76433525527146	6.2881814992406095	7.305170431442373	5.793763373795545	1.2608679298990237
var_40	0.009875266852653254	10.565714285714293	0.0011520450981421793	0.0017280676472132689	-0.143902439024384	-0.5225132767935747	3.6310244658538124	('0/10', '0/10')	in	0.541439668040704	0.536599332642912	0.538155054849742	0.540660551748899	0.538331199787323	0.534394566859634	0.537804540779252	0.54217915276197	0.543361415900277	0.541694729177111	0.543192902483836	0.543911825619042	0.544234566859634	0.54379168572444	0.543619415004628	0.542055307902239	0.543616629853595	0.542867004754947	0.542376083074737	0.541945415900277	199.79478469914235	198.00866922634555	198.58274091283656	199.5072856831577	198.6477395488013	197.19509620799596	198.4533989244651	200.0676594059556	200.5039222494789	199.8889039294861	200.44173969481207	200.7070270416618	200.82612067384977	200.66269463346822	200.5991256092418	200.02195984135665	200.59809787026398	200.32148129776306	200.14032798153738	199.98140897268533	200.4297966756768	199.06253683089275	1.0068684940247976
var_38	0.5820765337301976	9.605714285714285	0.0019397281129030423	0.00268577738709652	-0.18780487804878118	-0.6859951964775064	3.652701695529566	('0/10', '0/10')	in	0.721304975761466	0.668244112884465	0.362727943237406	0.400340959440791	0.647663274883035	0.225875196073792	0.529203240043264	0.554069479887135	0.794164396825411	0.459484930555655	0.809409366384169	0.707184139983149	0.83213968586971	0.756817334311376	0.758700218934355	0.753071015183331	0.734712039947493	0.731846720412632	0.821942013926193	0.680304968253982	4.345812681268404	4.02612464566809	2.185410815872175	2.412026641757563	3.9021265175762596	1.3608824622971814	3.188412985950188	3.3382303642857187	4.784785663085565	2.768364984523338	4.876635552189771	4.2607356205830325	5.013584157826747	4.559772189817512	4.5711164396797415	4.537200875710675	4.426589317387831	4.4093259650071825	4.952143888397348	4.098790466608059	4.561836380301431	3.047314007115595	1.4970023993751114
var_34	1.0182556418121633	8.251428571428576	0.004071994217732751	0.005235421137084965	-0.2756097560975606	-0.9370780748155423	3.4000177935785207	('0/10', '0/10')	in	0.277777256950955	0.108828789925639	0.324175516844814	0.351106468822866	0.424025395170822	0.0989842618124476	0.407251769380602	0.132703013706798	0.456083361614594	0.400487546326192	0.692429778552686	0.387899936852788	0.745010384261427	0.5110347895356	0.459477352461407	0.715839126391748	0.669073195415756	0.421121832685306	0.628760296682477	0.278032259573778	1.4619340975012487	0.5727629415326223	1.7061268688897773	1.8478637317526516	2.231634044525526	0.5209514596263651	2.143354911271004	0.6984123275916616	2.40035424413847	2.1077549905471415	3.6442389650717235	2.04150674655052	3.920969253204886	2.689562104659193	2.4182167250342297	3.7674417217762954	3.52131390754972	2.216352674666831	3.3091482253257745	1.4632761693229277	2.774316836491912	1.3697161171793035	2.0254684906571323
var_35	1.2182245663362945	7.822857142857146	0.005158957570721308	0.00619074908486557	-0.25365853658536514	-0.8680792765979044	3.422235609664825	('0/10', '0/10')	in	0.152031819551624	0.166578635736421	0.217172579954387	0.181958782558881	0.192023469208905	0.0931087054104526	0.154239246921519	0.121182740041985	0.295717143028389	0.216062200649597	0.56045661300573	0.495920060904687	0.838538909492085	0.183540447854024	0.718922281834993	0.301931397402004	0.357589054827404	0.680905871865645	0.411935585539047	0.106632408334512	0.6979710559390314	0.7647548166214859	0.9970292758371978	0.8353643597410076	0.8815708709143305	0.42745776261911234	0.7081052529565917	0.5563443578991613	1.3576237342125097	0.991931575775837	2.5730304033807365	2.27674607586643	3.8496933722839373	0.8426257119990342	3.3005389639507734	1.3861530887898457	1.6416748212723558	3.126007383077949	1.8911772316184225	0.4895444576146053	1.8264247882834286	0.785018075701088	2.326602208047599
var_39	2.6026675735788825	7.405714285714282	0.006501702373081832	0.007314415169717061	-0.16585365853658518	-0.43860522304839256	2.6445314919094285	('0/10', '0/10')	in	0.633014457805434	0.0898047591479021	0.0487306188958307	0.555906202805813	0.0697363533683469	0.0123801393737373	0.772810851512055	0.0863960373117699	0.832183738947463	0.0135154836360281	0.737408099368503	0.873810832645398	0.877095241414554	0.771051364882223	0.707932033788472	0.707847365687968	0.700263811710266	0.783127885274436	0.82751426320228	0.688767575682157	1.9359285671657254	0.27464712149639114	0.14903134684026598	1.7001107722047963	0.21327253586559014	0.03786179791564548	2.3634635607607346	0.26422233277518586	2.545041828814527	0.04133398621061176	2.255192417209609	2.6723486839174897	2.682393289825074	2.3580825771382643	2.1650466761441316	2.1647877383071323	2.14159518937709	2.395015826499262	2.5307613153486472	2.1064366057661346	2.338237451761664	0.38495290734846216	6.074087004219128
var_36	1.0979592445437922	6.222857142857151	0.012611144099313912	0.013352976105155907	-0.23170731707317055	-0.8226142311790308	3.5502298398252936	('0/10', '0/10')	in	0.110381797658083	0.0335658854516946	0.126369157251031	0.135171272683069	0.214485864829853	0.0325166690786464	0.1981727692186	0.185825974127283	0.219517761629159	0.151657270961715	0.146656225405559	0.337351150915287	0.400211362956197	0.301358395111323	0.174564068002006	0.372120697697847	0.19949106840933	0.304397953004506	0.34561701737217	0.134320210608751	1.065777554978228	0.3240911824809978	1.2201414934086339	1.3051292111558328	2.0709412733414747	0.3139606058421369	1.9134322317824461	1.7942193057074247	2.119526119588309	1.4643076926588832	1.4160207267074425	3.257251579697003	3.8641904456674303	2.909728055968015	1.685481388503255	3.592964562669104	1.9261609037015082	2.93907612465635	3.3370616129552193	1.2969118884092783	2.4469138703435642	1.1431415650201844	2.1405169274029148
var_37	1.3153521864768458	3.8628571428571377	0.04936619475193269	0.04936619475193269	-0.20975609756097582	-0.6659941259529139	3.1750882748917952	('0/10', '0/10')	in	0.173416233216746	0.714990660933533	0.368088327323515	0.0401637369970243	0.929401285804401	0.0361570159446663	0.665166543900024	0.88043678287614	0.96515297204287	0.775567806633252	0.848881093705495	0.957213441057495	0.980395383291605	0.768030792017653	0.856680027945559	0.929218717372403	0.915185157959288	0.81435950053052	0.883640983107692	0.767093216940829	0.5831280191562916	2.404221796839016	1.2377308237253706	0.13505425623976378	3.125197224847208	0.12158128852945072	2.236683625048327	2.960549584474103	3.2454155549944144	2.6079180155999713	2.854440680031512	3.2187181525041573	3.2966695634212457	2.582574111389729	2.88066531304643	3.1245833217186676	3.0773941886687424	2.7383586508417634	2.971324002181987	2.5794214290415005	2.9226464808048784	1.1743994086626026	2.488630749680951
var_32					-0.31951219512195256	-1.0327676286758827	3.2323261660848104	('0/10', '0/10')	in	0.377907187197792	0.36023369696884	0.379251631409618	0.381577161241454	0.377355571930224	0.344929211770507	0.40269242707647	0.39427614162992	0.421539767485787	0.347004921720348	0.420315161743898	0.49238438498587	0.493934926056221	0.449802148060733	0.476571635921159	0.460834014734767	0.388872245587141	0.416944865087512	0.466943093700994	0.373930624628644	8.197801643960489	7.8144171195015995	8.226966177854765	8.277413041329014	8.185835656806782	7.482422550017009	8.735458738365095	8.552887353096208	9.144307163126369	7.5274501626574795	9.117742241092202	10.68111339884362	10.71474871610182	9.757392592005143	10.338093248209711	9.996702819013382	8.435662623416487	9.044631635085402	10.129224822534338	8.111539534450486	9.592474245981073	8.19979651066481	1.169842962993645
var_31					-0.34146341463414487	-1.1978529950068806	3.5079980568058797	('0/10', '0/10')	in	0.457385823654361	0.378903154851943	0.35278649286885	0.417778312639742	0.372296780897801	0.342488857674598	0.503709199233043	0.355624044110385	0.561421979997856	0.526283306297886	0.505424547754419	0.437982390450943	0.809587633184802	0.764459045410944	0.710779355475178	0.590287054098751	0.560783186751278	0.589470737851609	0.534584720367311	0.401924837140714	3.4350519948109004	2.845632659786745	2.6494917056879586	3.137592273315301	2.796017571482672	2.572154563856075	3.782949099309209	2.670802239483555	4.216382739880603	3.9524848118169102	3.7958316834546273	3.289328628487355	6.080152620661955	5.741228593202951	5.338084209493267	4.433164776495651	4.211585284641615	4.42703409074169	4.014829964386568	3.0185297448737227	4.332568031026556	3.157177977469924	1.3722913506759467
var_30					-0.3634146341463343	-1.5196879710804154	4.181691732503239	('0/10', '0/10')	in	0.481140362446098	0.481349669738441	0.455923380726417	0.486960810685913	0.470380503892532	0.450872295825211	0.480790380941887	0.485017341554672	0.487699148219683	0.483059142390382	0.47634279765129	0.49844225155354	0.500473928478272	0.4767978243152	0.475156298183941	0.494095799307776	0.47460516657988	0.483095260714775	0.480201185255788	0.46967318903601	40.5627913477622	40.580437109144	38.43686043912773	41.0534872983197	39.655675812451804	38.01102606953583	40.53328597295076	40.88964211089754	41.115733232488004	40.72455510029083	40.15833012409804	42.021436210187176	42.19271780203907	40.19669138635427	40.05830166237509	41.655006267266536	40.01183822258585	40.72760007462791	40.48361352070266	39.59604526140759	40.70092213193149	40.142526008440136	1.0139103384618584
var_29					-0.3853658536585378	-1.2168242814284131	3.157581996111695	('0/10', '0/10')	in	0.498441213861582	0.556684996671283	0.456831548973275	0.237099637747903	0.239301712964258	0.215582987328137	0.533167941726877	0.366556453717177	0.562250336709132	0.289789331085438	0.78072879204323	0.675453472565858	0.801966660797525	0.589838683875308	0.42361139636118	0.791745838746406	0.626065804149935	0.482848031787278	0.743051055704279	0.336278091811172	2.68402596153038	2.9976593867197883	2.4599645923960662	1.276743506530229	1.288601328246354	1.1608797963759097	2.871023819166077	1.973847689121125	3.027627849862323	1.5604690510681472	4.204099276871204	3.637208572957344	4.3184617924876045	3.1761866727896195	2.2810794007681823	4.263424305677769	3.3712639028109406	2.600059177993245	4.0012107120954905	1.8108035684339099	3.245199479777496	1.9976598553948064	1.624500522956213
var_28					-0.4073170731707314	-1.2924080717435689	3.172977900687806	('0/10', '0/10')	in	0.290827418447197	0.320190487203681	0.356858064767162	0.360393984455077	0.238835325457722	0.232877950334605	0.372416960468032	0.281381744997097	0.380966310977342	0.376267305273498	0.387102699242054	0.339520548427513	0.580691827885626	0.571176092493652	0.565290698876133	0.241829573703223	0.511659038140428	0.280064806546178	0.319398913788214	0.239295780365097	2.6531114231107034	2.920979884589884	3.25548468957316	3.2877415825624725	2.1788067081071736	2.1244597690348974	3.397422764515915	2.566942023185353	3.4754153403794112	3.432548042045934	3.531395350409675	3.0973209136310964	5.2974376697227035	5.210629120506327	5.156938842197931	2.2061221320317244	4.667676954518894	2.554928078742555	2.9137586518669885	2.1830072686358424	3.480084846666297	2.884996956122657	1.206269850399918
var_27					-0.42926829268292815	-1.5908527171910902	3.705963716183778	('0/10', '0/10')	in	0.117131538323056	0.217761882112004	0.0855771617727112	0.202971708042231	0.191654573455201	0.0283196411258886	0.115428979201472	0.0297140760789469	0.251460909453088	0.153527116221617	0.194695030704389	0.254828468842936	0.296610253370787	0.205652907021124	0.195856414382497	0.219543909588565	0.176970834250289	0.232892094791508	0.267861953162788	0.136292256391863	1.6179665304494437	3.0079980328880174	1.182098224794251	2.8036977482079553	2.6473714056655724	0.3911861156442113	1.5944486657114536	0.4104477860298129	3.473490923421004	2.1207075320558912	2.6893699838186285	3.520007843288027	4.0971498318279895	2.8407338041791435	2.705412460055954	3.032613613411384	2.44454133175439	3.216995353887093	3.700042543647694	1.8826382062299138	2.94766316259577	1.5509384221910183	1.9005675018558068
var_26					-0.45121951219512224	-1.3971993280029769	3.0964958080065954	('0/10', '0/10')	in	0.235087478866443	0.692831426858452	0.695689463174701	0.655537065198565	0.242322007667787	0.200168584178855	0.610176395714463	0.464521637379424	0.700747257111839	0.241767154222146	0.476482213070136	0.490958813270256	0.70702899234212	0.503697117464437	0.569073190344422	0.474837244297503	0.578240420120078	0.601305969956356	0.6646582060435	0.47204195098939	1.4361890988145605	4.232624159177541	4.250084385563077	4.004786607294964	1.480386056685945	1.2228636757219138	3.727670619058907	2.837841109125308	4.28098330264532	1.4769963633092	2.910910285354408	2.9993502800983256	4.319359483728509	3.0771707310610075	3.4765641978941884	2.9008608933981144	3.5325683523204865	3.6734796904859954	4.060509196662176	2.8837839746423435	3.3496663835717246	2.569153105249274	1.3038017768297698
var_25					-0.4731707317073179	-1.6630951114947479	3.5147886376950797	('0/10', '0/10')	in	0.416852299656239	0.358007581343748	0.198073790512422	0.5820625439952	0.604474935409491	0.170825170569891	0.336910749666108	0.289859755432009	0.624781875178845	0.299724266210831	0.53445163295669	0.457115947762484	0.936136190978055	0.858700907280408	0.746467995633501	0.516927145024023	0.554315201488769	0.619241204400764	0.851421822722759	0.26265909966864	1.9144474434033434	1.644195556526288	0.9096791889223783	2.6731965978630736	2.776128368850132	0.7845364205407068	1.547305661706287	1.3312179594305915	2.869390584164394	1.3765219854765418	2.4545374061279053	2.09936339143256	4.2993250582357865	3.9436936246886405	3.4282496390243558	2.374053956360892	2.545763382389679	2.843944345737536	3.910263498878612	1.206295472669646	2.744936233388023	1.6339421775063483	1.6799469841565788
var_24					-0.495121951219512	-1.6715389620887984	3.3760146524946184	('0/10', '0/10')	in	0.607542353184355	0.591721753754434	0.430103516522001	0.817942820849614	0.832493191799622	0.410545717240335	0.67925647935337	0.556369962617773	0.910980573863306	0.784055712336624	0.938981063965583	0.687780418673948	0.977048574383192	0.695793555409088	0.650138159425143	0.953096712226587	0.941094225768845	0.88502108039375	0.639850045237578	0.630492573863306	3.6205852459526375	3.526304034810939	2.563157017761645	4.874444873973034	4.961156291059623	2.4466043541467415	4.047958096212401	3.315628725120135	5.4288936529139535	4.672498187512316	5.595759651329351	4.098755622968722	5.82261900664136	4.146509075028459	3.8744305076146777	5.679880383921865	5.608352818549875	5.274190760916961	3.813119564861571	3.757354690825155	4.691387339818323	3.818570329042643	1.2285716735756715
var_23					-0.517073170731705	-1.9588296193486627	3.7883025657214873	('0/10', '0/10')	in	0.807365522455214	0.80301161145337	0.791418750882511	0.778948732732566	0.854484556432849	0.746077131758715	0.831421519932283	0.811099951308928	0.858603544375628	0.849449124909759	0.873424135582147	0.832813642916203	0.875202029717899	0.817226887321266	0.864210751866573	0.866250590256353	0.827226339837798	0.797117422710613	0.830331304386486	0.791836523967465	23.6867167256849	23.558980460410773	23.218865857117777	22.85301695811642	25.06910819420104	21.88862068538538	24.392478344115577	23.79627844950133	25.189952220708907	24.921377288233803	25.624762893015596	24.433320839677133	25.676923251106867	23.976032221100734	25.35445805080214	25.414303403075746	24.269398970836036	23.386055093653923	24.360493293868817	23.231122601360244	24.557646623316156	23.836185340613653	1.0302674808235037
var_22					-0.5390243902439043	-1.7748587813419405	3.2927244359737244	('0/10', '0/10')	in	0.682935510138939	0.769805193147879	0.674002790225793	0.725614366452523	0.704119848290445	0.665395779324676	0.68901776283649	0.684844495570448	0.771686564956173	0.72560201661378	0.747910041835286	0.714164285370014	0.774639860957329	0.751563000118839	0.75818479942154	0.748345242741967	0.731934514382347	0.750719334338577	0.741592661457508	0.712801340466377	20.584350280780125	23.20268826041244	20.315109286685544	21.870733130843327	21.222867139990417	20.05568548366344	20.76767537980322	20.641888985708636	23.259394663484716	21.87036089451527	22.542746791008682	21.525616386660925	23.348409919637163	22.65285055886582	22.85243812505943	22.555864175846104	22.06122862695156	22.627421639615026	22.35233471165048	21.484535882142776	22.393646818349204	21.352027596270876	1.0487831526716576
var_21					-0.5609756097560964	-1.8486096162049872	3.295347576713245	('0/10', '0/10')	in	0.337742875152886	0.451797608564559	0.286768292080536	0.271860577676689	0.312096850149149	0.254100244920092	0.260244375970751	0.408599235340165	0.501768535743501	0.483019523725653	0.391590116851378	0.514607697625952	0.641675755124174	0.455372795732869	0.428356856725908	0.622219406138466	0.595206689881222	0.407003462068711	0.354687424792886	0.284348127580236	2.8716472942296467	3.8413937809540633	2.43823763758497	2.311485303545127	2.653592840004995	2.1604786791063044	2.2127189441275297	3.4741010837245527	4.266269887544315	4.106857051355956	3.3294816330153516	4.37543442421508	5.45582625581955	3.871791688100423	3.642089586715473	5.290399311150163	5.060724611084932	3.4605330758277155	3.015717750500914	2.4176602713393276	3.8718195381827725	2.9385277627693127	1.3176052264123963
var_20					-0.5829268292682926	-1.8075980156039004	3.100900361496231	('0/10', '0/10')	in	0.448276131749148	0.148918577272795	0.358120918709656	0.152487442185704	0.302430079050875	0.0743436980395565	0.424186910362439	0.151071826340635	0.471559926489314	0.124249124660609	0.559327128770961	0.221980402027986	0.561323289876291	0.49603902123969	0.234506887980368	0.417377259735653	0.473603514657278	0.522143951157414	0.406407146625342	0.187686457101559	2.854451484811089	0.948256719253919	2.2803774632478677	0.970981890255091	1.9257594305319512	0.4733923227795468	2.701060507943927	0.9619677883105768	3.0027138118923253	0.7911710511779385	3.5615818914686783	1.4134865617211203	3.5742926842757776	3.158587353685408	1.4932504480710878	2.657699249188461	3.0157266021509233	3.3248135939132384	2.5878457516710074	1.195115796288425	2.4236861171521284	1.4216637446401545	1.7048237505455985
var_19					-0.6048780487804877	-1.9598855076570567	3.240133298949167	('0/10', '0/10')	in	0.380105701972337	0.235914071647279	0.0997568719196751	0.0671758847464403	0.375720833421197	0.001	0.702673875018169	0.010970029906062	0.778566997368414	0.595069989952356	0.633151584320388	0.449426578130213	0.985	0.239518660244924	0.720595773329526	0.47240867966441	0.690008952874649	0.891725224940972	0.87149426942823	0.183366997368414	1.251619046830302	0.7768221943445409	0.3284812627092951	0.22119798887531772	1.237180471013164	0.0032928183932410234	2.3137774601097707	0.03612231624908505	2.5636797293051488	1.9594574081808689	2.084853182559868	1.479880102878539	3.2434261173424077	0.7886914499789331	2.372791016511202	1.5555559895256759	2.2720741715266226	2.936289222402621	2.869672359977424	0.6037942216480919	1.789493350742192	0.4057124334812794	4.410743184247923
var_18					-0.6268292682926827	-2.2311638557482105	3.5594442834893645	('0/10', '0/10')	in	0.0455141178673314	0.0296317002180608	0.487999709030291	0.424607538028807	0.0538024210011885	0.0054269332116311	0.539927212600755	0.311670668091269	0.597405477039774	0.166662668090335	0.0731609097409698	0.170354385874033	0.909903667905509	0.690200212949339	0.240513477329092	0.407078772916805	0.240868992957503	0.576736639987453	0.510297502668343	0.0304529872438555	0.17911457580582746	0.11661149690814812	1.9204560029288495	1.6709847981602923	0.21173205735953438	0.02135695220901036	2.124809579588087	1.2265372179465164	2.3510074152367837	0.6558780988501677	0.2879147378406735	0.670406348452837	3.5808012356983747	2.716188386290723	0.9465078416538069	1.6020027443591405	0.9479069247066916	2.269668038478622	2.008205915176456	0.11984355948857296	1.0395564009082787	0.5111699237011791	2.0336806856343626
var_17					-0.6487804878048767	-2.179219964411844	3.358948065446834	('0/10', '0/10')	in	0.278438834496084	0.418097978173087	0.265208568759821	0.259826434094311	0.199435095072167	0.195997112009521	0.315670743445295	0.24546785437486	0.419837611914263	0.413301563957479	0.278068827625808	0.424229841914397	0.444406907927888	0.337967457879612	0.265500292453533	0.297196257798004	0.278106361163637	0.276700856127023	0.32442618610516	0.258674183342835	3.7649947781577833	5.653438060925867	3.5860977449877556	3.5133215859161937	2.6967218595316678	2.650234133415147	4.268437277578951	3.3191677145162775	5.676961043857786	5.588581897782074	3.7599916185339013	5.736351908084396	6.009182198861981	4.5699290345287515	3.5900423750013033	4.018628941334893	3.760499139599301	3.741494178839775	4.386826639301823	3.4977410794459423	4.232484409796799	3.922160013524727	1.0791207893614703
var_16					-0.6707317073170791	-1.9870645549740082	2.96253260923395	('0/10', '0/10')	in	0.564159903888628	0.594677331769713	0.55768197549988	0.551398198140704	0.551742045358807	0.538354376240842	0.540200677923832	0.562045016341353	0.600327918182303	0.576306503914112	0.588419980899479	0.608984388487155	0.627717641546965	0.619814818139583	0.621862927100408	0.570185631922665	0.552361910081664	0.623151170054915	0.607072207436901	0.540389142672098	18.702786949055625	19.7144876175345	18.48803344798102	18.27971635849292	18.291115433859456	17.847293174369035	17.90850097517627	18.632675104975146	19.901813432579946	19.105465818762866	19.507046607663337	20.188789020044656	20.809825783602985	20.547834774554858	20.615732803604303	18.902549298093096	18.31166492305378	20.658440081010397	20.125397214734825	17.914748877605938	19.732567631195128	18.675615621589188	1.0565952968310235
var_15					-0.6926829268292688	-2.5863245530993106	3.7337784041222415	('0/10', '0/10')	in	0.828981061840969	0.481830189218546	0.652404683710186	0.714119271858228	0.688340195588094	0.430643486375245	0.742115465663719	0.575581660059242	0.840805832889796	0.722153623902417	0.632703708910602	0.840909102545457	0.877861445558918	0.694880849445025	0.773292869549913	0.728436806405578	0.616319722104194	0.779336645337071	0.606046519646312	0.531025587991837	6.921080700287618	4.022752481233584	5.446862025021792	5.962111003097425	5.746884051050728	3.595399773834715	6.195848449642214	4.805474216779813	7.019804541468753	6.029189011790247	5.282380539570909	7.020666729585733	7.3291781779569565	5.801491321663082	6.456145503766238	6.081646679595636	5.145592258029501	6.506604388634454	5.059822309191954	4.4334799883694425	5.844491418818942	5.459896667750666	1.0704399321950389
var_14					-0.7146341463414664	-2.5141442543497696	3.5180858166668987	('0/10', '0/10')	in	0.862755300483269	0.719044124235268	0.855650253704923	0.823913068567801	0.862982449841589	0.664059626937322	0.739778344185034	0.807683515415631	0.891818214565765	0.872219300820118	0.884895360566177	0.756724526030443	0.892588606529158	0.778606393230659	0.824679546997699	0.798877246215535	0.869300505998972	0.879617033562561	0.790196951202817	0.728503602320867	13.281673034664916	11.069313570418348	13.172294502706745	12.683716900464526	13.285169881923403	10.22285558322584	11.388506196470443	12.433871297261515	13.729081612812223	13.42736644043545	13.622507844748732	11.649383928929025	13.740941399892739	11.986243992701954	12.695516440714613	12.298303323230641	13.382433099025643	13.541250721908918	12.164674656865131	11.214937358462453	12.600408963892724	12.416312205383784	1.0148270078477177
var_13					-0.7365853658536552	-2.472773259035529	3.357076278823085	('0/10', '0/10')	in	0.410713190059467	0.463439127006469	0.480192084496574	0.449960944818822	0.413866986541473	0.404960019799092	0.487396805167037	0.510274369747407	0.550273922860083	0.547313218303454	0.537431404324805	0.474133558233163	0.573846550411337	0.493239090112614	0.481150685469184	0.528632153940611	0.478698285542629	0.564844939137763	0.514735892081185	0.425874575921308	8.164034767900109	9.212105277501001	9.545115589136152	8.944189976382695	8.226724997367175	8.049674958748255	9.688328886079821	10.143082317816402	10.93818155060479	10.87932954506219	10.682901782710726	9.424686004078117	11.40675123757134	9.804460090467886	9.564170374466512	10.507992897857	9.515422297341715	11.227819883080535	10.231767133235776	8.465408291569261	10.046229414687138	9.325148042352227	1.077326533483432
var_12					-0.7585365853658544	-2.6676030973961744	3.5167757875640846	('0/10', '0/10')	in	0.428006542439839	0.442484196804251	0.414659016817507	0.483450854803326	0.616634642749346	0.354165876312864	0.710978419173629	0.595413982769716	0.715990435201014	0.51205512256266	0.495954345965065	0.667111688016172	0.761622202843476	0.609188086331942	0.554007829940953	0.529087514881898	0.457746495129307	0.428877953586036	0.413715198922003	0.406919904588769	3.694145721549768	3.8191030752936923	3.5789425650981483	4.172688334787121	5.322204222128346	3.0568232654620986	6.136490041326078	5.139047652078412	6.179749000542818	4.41957319023547	4.280606587896688	5.757874106392159	6.573599053026183	5.257932623912067	4.781669090885715	4.566580614129498	3.950832730025423	3.701666914424727	3.5707964259743794	3.512145903146644	4.50088583937017	4.436251701723013	1.0145695379777602
var_11					-0.7804878048780485	-2.703874984339934	3.464339823685542	('0/10', '0/10')	in	0.634627287244856	0.492833212767904	0.21137485780676	0.248060722031454	0.70305946398049	0.102771850125255	0.224504858040782	0.45285719071279	0.863612294543566	0.712723895531497	0.742558158077061	0.590559666661699	0.947606135839541	0.711442031596688	0.777283812323139	0.503160641381294	0.531073767793502	0.7238984954212	0.841584691430889	0.204229437400709	2.6023619324836553	2.0209190776191397	0.866766832274933	1.0172014234710927	2.8829759169010916	0.42142775117340664	0.9206079031984041	1.8569928171206413	3.541341201230006	2.9226060262155227	3.044944839394136	2.421657603240885	3.8857675748589484	2.917349596223278	3.18734136489323	2.0632678823807593	2.177728856643449	2.9684287538986442	3.4510144898571746	0.8374662168900724	2.5185966277804805	1.584387101005522	1.5896346455876016
var_10					-0.8024390243902336	-2.403869241659753	2.9957033102751103	('0/10', '0/10')	in	0.175995989918644	0.140376123786544	0.176213149740602	0.130185758758933	0.127787694596324	0.114326314069551	0.132767830523448	0.165469846876216	0.179043691917736	0.126342011973983	0.172757331264379	0.174555458066943	0.183808763049143	0.13080679543393	0.12796256735332	0.16919706977571	0.176465026278463	0.140556500267892	0.166601637030006	0.123288263346308	7.587984841312694	6.052250962461797	7.597347585531589	5.612898137475847	5.509506722007893	4.92912559271334	5.724222954691161	7.1341551041672355	7.719385088446953	5.447176791486501	7.4483515872475925	7.525876983859872	7.92482890298845	5.639673843433436	5.517046279186768	7.2948525773007304	7.608207124729357	6.060027810143557	7.18295170762664	5.3155158467872	6.682192185542296	6.2525740041177995	1.068710611204531
var_9					-0.8243902439024388	-2.866096213635746	3.4766255845877407	('0/10', '0/10')	in	0.66990925172703	0.64738132518075	0.576998976162892	0.551765857483119	0.497201380769046	0.133270870059181	0.562337583304383	0.504560082293124	0.708231759826179	0.514630407723995	0.25394203173413	0.299945429230352	0.799177808834691	0.22653285911585	0.55628870785337	0.318321616066702	0.161716133989122	0.467319496308496	0.495698136025481	0.15926457615271	3.497521212481884	3.3799054297983013	3.0124470642963317	2.8807077763076063	2.595832751424077	0.6957922940103428	2.935901573403395	2.6342517083356807	3.6975987373805816	2.6868277501208433	1.32580292097947	1.5659815096084178	4.172417878598083	1.182702698968991	2.9043210717950974	1.6619215240192848	0.8443018327771742	2.43982277768469	2.587984478893706	0.8315025237448354	1.7142988656982552	2.6021949063441525	0.6587895708806415
var_8					-0.8463414634146337	-2.5019939975610086	2.956246510086496	('0/10', '0/10')	in	0.349268793563403	0.13688590860642	0.131812849161876	0.111217631422047	0.25443048888696	0.0813208283938108	0.461701786946415	0.431249519071116	0.471343240239409	0.468328020331735	0.389681653027706	0.345839129463897	0.508657971250954	0.507458770537393	0.282918880295462	0.481832859229893	0.400975430926547	0.291625799228531	0.436959881803212	0.109670097382266	2.4161827945742105	0.9469537023909642	0.9118591300396719	0.7693848761969762	1.7601073471002258	0.5625638191176657	3.193975340489697	2.9833116709835186	3.260673293443212	3.2398145090426613	2.695752162111963	2.392456954931194	3.5188103292041615	3.5105144602781526	1.9571852493772952	3.333238714097793	2.7738806188988376	2.0174182507433756	3.022815000334251	0.7586792958822035	2.412205249960894	1.6611538234055583	1.4521263569773406
var_7					-0.8682926829268259	-2.764880673501941	3.1842726857747197	('0/10', '0/10')	in	0.574779636438682	0.524333459990626	0.560534117411271	0.457576911703747	0.503880593978763	0.391988464788988	0.445558086951633	0.544204283235405	0.578919200070591	0.445954053383518	0.510715032637329	0.589848570256975	0.600636628054294	0.39983657870064	0.515404546510127	0.517834530739392	0.443851480109589	0.579480710502563	0.501488295456518	0.397751526601204	8.771968408482769	8.002086808513624	8.554561188482516	6.9832853487748405	7.6899464974361065	5.982310805100149	6.799860703312681	8.30534430530621	8.835144135495295	6.80590372364798	7.79424991426227	9.001942128885588	9.166583490874869	6.102084372107041	7.865818677202803	7.9029037504045885	6.773815415075147	8.843713596655768	7.653436562618623	6.0702634619933535	7.641628013840883	7.61431296182906	1.003587329828542
var_6					-0.8902439024390247	-2.6986287911593587	3.031336450343388	('0/10', '0/10')	in	0.712395649259277	0.104854306220303	0.495135510692887	0.375749673069956	0.13550540517432	0.0427415922761144	0.126521162014421	0.139119583312127	0.859498403856174	0.159462570615447	0.170982461695726	0.206492209198178	0.86769506166387	0.227423253169989	0.704538246640541	0.277831783074596	0.750810570508305	0.185046071927372	0.535386728600815	0.125088607937806	2.617736610367109	0.38529285858627316	1.8194023991882302	1.380712637073825	0.4979219909558241	0.15705630853150765	0.4649089001816715	0.5112024853518287	3.1582736933694187	0.5859539000797317	0.6282843672290511	0.7587668682924869	3.1883927588748957	0.8356791292744061	2.588864156529349	1.0209080176642753	2.7588943305784954	0.6799618689313591	1.9673076914777106	0.4596449022100599	1.1900045511945203	0.7834728821944413	1.518884160816668
var_5					-0.9121951219512194	-2.7538845901389384	3.0189643902592644	('0/10', '0/10')	in	0.354027526662074	0.272150067748675	0.606405420972727	0.868776076350742	0.314509135937185	0.160476608563641	0.722318076043167	0.386716768374135	0.905901201338309	0.872254672939521	0.666874269827833	0.869815806550173	0.965549261624865	0.66878597418328	0.469958102701013	0.598800566107468	0.916177414831803	0.742485874995454	0.21810113540311	0.171517854399534	1.3275776938893042	1.0205431276491446	2.2739765970384034	3.257847633550901	1.1793865785841877	0.6017757091624425	2.708640694380996	1.4501599928880817	3.3970641749341115	3.2708921198959144	2.5007304194659703	3.2617465468174536	3.620740099421707	2.5078991729341853	1.7623089935713776	2.2454589397263485	3.4355992344540143	2.7842684860285565	0.8178635291528532	0.643179584795173	2.074310850095381	1.7752667516132656	1.1684502333017617
var_4					-0.9341463414634155	-2.6232042036297325	2.80812982633992	('0/10', '0/10')	in	0.746420524976328	0.337543338894282	0.58866269498597	0.16118175121894	0.628901187621694	0.157072350445192	0.724688690049809	0.50644148340255	0.749824728691442	0.426532929595893	0.308139658150736	0.640254782632184	0.783217656567641	0.27274474912716	0.334222064219943	0.515373744477431	0.66085620551062	0.174769805423828	0.778937233941064	0.164913381752666	3.347538851897782	1.5138107853930511	2.64002820955504	0.7228662079454955	2.8204893744515447	0.7044364109505958	3.2500761491648165	2.271283392101989	3.3628059886053103	1.9129103577119821	1.3819414699278307	2.8714078569082453	3.512566237290516	1.2232027574311912	1.4989155679678248	2.311342701811361	2.9638008996801157	0.7838057692926306	3.4933694433043603	0.7396017849755779	1.7987255226020475	1.9770567100675025	0.9097996599908527
var_3					-0.9560975609756123	-3.023844724638936	3.162694737505001	('0/10', '0/10')	in	0.741282568380173	0.702423244838505	0.716504417743551	0.754169057376963	0.637557905990309	0.62863992003199	0.687825164903945	0.630905145636946	0.816821489852903	0.705030448338587	0.676933264302465	0.674108997206789	0.817407266970765	0.799766812138952	0.751164391645792	0.778868569402124	0.740373831607765	0.672729731532847	0.763826199356605	0.636341489852903	12.419788252788045	11.768721317423958	12.0046437487496	12.635694401791042	10.68193766999469	10.532521641656551	11.524138388567703	10.5704742707327	13.685402000573003	11.81240360105529	11.341650488661472	11.294331421960278	13.695216379161552	13.399660105428122	12.585352853583457	13.049521358453493	12.4045628599726	11.271222572048792	12.797494589236907	10.661557275934067	12.210002519732056	11.725390182123734	1.0413301672764077
var_2					-0.9780487804878049	-2.91699694206222	2.9824657013603746	('0/10', '0/10')	in	0.663053213824545	0.179170807988424	0.566989494142931	0.309071195060092	0.256964515543945	0.0276569247726116	0.882000841732367	0.0903175105149367	0.907878666293462	0.794909671910829	0.0984190666145162	0.579700464037277	0.912252843139959	0.712104161023369	0.379983362190789	0.14937301843089	0.422528282981125	0.303935717926452	0.652600623015557	0.0427007071097881	2.2355218098431906	0.6040846203504537	1.9116374880340852	1.0420512003339266	0.8663705519815001	0.09324690271198399	2.9737162521536504	0.3045106491562993	3.060964816810984	2.680083395059431	0.3318255086225723	1.9544932495787235	3.0757126040723586	2.400899882025274	1.2811356250809682	0.503619669646494	1.424578257349115	1.0247366456393148	2.2002803024714424	0.14396787474876396	1.0363354924524413	1.0490635658368956	0.9878672048110827
var_1					-1.0	-3.087612298918131	3.087612298918131	('0/10', '0/10')	in	0.645668400455199	0.651008622406644	0.650315639095196	0.637873221361934	0.631331592271049	0.626833441469009	0.6477248658646	0.652453725109378	0.656554257795539	0.632325449014965	0.650335853873909	0.644140622115155	0.656554257795539	0.635894765619914	0.641605396741101	0.654948740395328	0.656529482859118	0.650607227006993	0.640790352731497	0.626833441469009	67.07668027572723	67.63146096529786	67.55946887154563	66.26686097008623	65.58726946041602	65.11996918218074	67.29032070271302	67.78158863437464	68.20758148109887	65.69051845170092	67.56156892824289	66.91796366643511	68.20758148109887	66.06132474877883	66.65458620871465	68.0407887787533	68.20500768239974	67.58976112236368	66.56991357117452	65.11996918218074	67.08587832261651	66.81340994924888	1.00407804920561
